{
  "summary": [
    {
      "variant": "full_top30",
      "event_rows": 83867,
      "hold_days": 40,
      "top_n": 30,
      "min_avg_amount": 30000.0,
      "position_mode": "full_equal_selected",
      "max_weight_config": null,
      "annual_return": 0.5830341541,
      "total_return": 60.3050545028,
      "max_drawdown": -0.1051175408,
      "sharpe": 3.1961384195,
      "calmar": 5.5464972816,
      "grade": "S",
      "avg_exposure": 0.5190034787,
      "cash_days": 1063,
      "avg_holding_count": 15.1040744021,
      "min_nonzero_holding_count": 1,
      "max_daily_weight": 0.5,
      "p95_daily_max_weight": 0.0333333333,
      "avg_top10_weight": 0.1855031895,
      "participation_p95_100m": 0.1138571782,
      "participation_p99_100m": 0.2021997536,
      "trades_over_5pct_100m": 4227
    },
    {
      "variant": "default_full_top80",
      "event_rows": 83867,
      "hold_days": 40,
      "top_n": 80,
      "min_avg_amount": 30000.0,
      "position_mode": "full_equal_selected",
      "max_weight_config": null,
      "annual_return": 0.5824227108,
      "total_return": 60.0932096112,
      "max_drawdown": -0.1078686539,
      "sharpe": 3.3471106868,
      "calmar": 5.3993694149,
      "grade": "S",
      "avg_exposure": 0.5195903934,
      "cash_days": 1043,
      "avg_holding_count": 38.184676705,
      "min_nonzero_holding_count": 1,
      "max_daily_weight": 0.5,
      "p95_daily_max_weight": 0.0222222222,
      "avg_top10_weight": 0.0875067475,
      "participation_p95_100m": 0.0463784586,
      "participation_p99_100m": 0.0860260441,
      "trades_over_5pct_100m": 2330
    },
    {
      "variant": "positive_types_top80",
      "event_rows": 46740,
      "hold_days": 40,
      "top_n": 80,
      "min_avg_amount": 30000.0,
      "position_mode": "full_equal_selected",
      "max_weight_config": null,
      "annual_return": 0.5793195491,
      "total_return": 59.0280597958,
      "max_drawdown": -0.1090801073,
      "sharpe": 3.2239460196,
      "calmar": 5.3109550708,
      "grade": "S",
      "avg_exposure": 0.5195211281,
      "cash_days": 1044,
      "avg_holding_count": 37.1399468556,
      "min_nonzero_holding_count": 1,
      "max_daily_weight": 1.0,
      "p95_daily_max_weight": 0.0333333333,
      "avg_top10_weight": 0.0981408684,
      "participation_p95_100m": 0.0474449401,
      "participation_p99_100m": 0.0874708285,
      "trades_over_5pct_100m": 2257
    },
    {
      "variant": "low_liq_10000_top80",
      "event_rows": 83867,
      "hold_days": 40,
      "top_n": 80,
      "min_avg_amount": 10000.0,
      "position_mode": "full_equal_selected",
      "max_weight_config": null,
      "annual_return": 0.5732046664,
      "total_return": 56.9773146077,
      "max_drawdown": -0.1121614546,
      "sharpe": 3.3405890415,
      "calmar": 5.1105316767,
      "grade": "S",
      "avg_exposure": 0.5194528209,
      "cash_days": 1042,
      "avg_holding_count": 38.4154118689,
      "min_nonzero_holding_count": 1,
      "max_daily_weight": 0.5,
      "p95_daily_max_weight": 0.0208998227,
      "avg_top10_weight": 0.0854705472,
      "participation_p95_100m": 0.0641735859,
      "participation_p99_100m": 0.1292122351,
      "trades_over_5pct_100m": 4185
    },
    {
      "variant": "full_top50",
      "event_rows": 83867,
      "hold_days": 40,
      "top_n": 50,
      "min_avg_amount": 30000.0,
      "position_mode": "full_equal_selected",
      "max_weight_config": null,
      "annual_return": 0.5582092039,
      "total_return": 52.2093566405,
      "max_drawdown": -0.1063123309,
      "sharpe": 3.180230148,
      "calmar": 5.2506534195,
      "grade": "S",
      "avg_exposure": 0.5194585422,
      "cash_days": 1051,
      "avg_holding_count": 24.6372896368,
      "min_nonzero_holding_count": 1,
      "max_daily_weight": 0.5,
      "p95_daily_max_weight": 0.0222222222,
      "avg_top10_weight": 0.1216190605,
      "participation_p95_100m": 0.0746400086,
      "participation_p99_100m": 0.1319634347,
      "trades_over_5pct_100m": 3564
    },
    {
      "variant": "capped_5pct_cash_top80",
      "event_rows": 83867,
      "hold_days": 40,
      "top_n": 80,
      "min_avg_amount": 30000.0,
      "position_mode": "capped_with_cash",
      "max_weight_config": 0.05,
      "annual_return": 0.5524621112,
      "total_return": 50.4764855883,
      "max_drawdown": -0.1020591186,
      "sharpe": 3.3202111174,
      "calmar": 5.4131577736,
      "grade": "S",
      "avg_exposure": 0.5106029251,
      "cash_days": 1043,
      "avg_holding_count": 38.184676705,
      "min_nonzero_holding_count": 1,
      "max_daily_weight": 0.05,
      "p95_daily_max_weight": 0.0222222222,
      "avg_top10_weight": 0.0792575229,
      "participation_p95_100m": 0.0469610266,
      "participation_p99_100m": 0.0856028121,
      "trades_over_5pct_100m": 2271
    },
    {
      "variant": "low_liq_10000_top50",
      "event_rows": 83867,
      "hold_days": 40,
      "top_n": 50,
      "min_avg_amount": 10000.0,
      "position_mode": "full_equal_selected",
      "max_weight_config": null,
      "annual_return": 0.5406834597,
      "total_return": 47.0808167003,
      "max_drawdown": -0.1093972165,
      "sharpe": 3.1491480401,
      "calmar": 4.9423877224,
      "grade": "S",
      "avg_exposure": 0.5193363347,
      "cash_days": 1053,
      "avg_holding_count": 24.7462356067,
      "min_nonzero_holding_count": 1,
      "max_daily_weight": 0.5,
      "p95_daily_max_weight": 0.0208998227,
      "avg_top10_weight": 0.1198711423,
      "participation_p95_100m": 0.1015199129,
      "participation_p99_100m": 0.2003739459,
      "trades_over_5pct_100m": 5068
    },
    {
      "variant": "strong_growth_min50_top50",
      "event_rows": 28661,
      "hold_days": 40,
      "top_n": 50,
      "min_avg_amount": 30000.0,
      "position_mode": "full_equal_selected",
      "max_weight_config": null,
      "annual_return": 0.5381335703,
      "total_return": 46.3724732568,
      "max_drawdown": -0.1310904197,
      "sharpe": 3.0435688489,
      "calmar": 4.1050564311,
      "grade": "S",
      "avg_exposure": 0.5150982333,
      "cash_days": 1061,
      "avg_holding_count": 23.1860053144,
      "min_nonzero_holding_count": 1,
      "max_daily_weight": 0.5,
      "p95_daily_max_weight": 0.0457792208,
      "avg_top10_weight": 0.1404506295,
      "participation_p95_100m": 0.0769671807,
      "participation_p99_100m": 0.142755286,
      "trades_over_5pct_100m": 3442
    },
    {
      "variant": "capped_3pct_cash_top80",
      "event_rows": 83867,
      "hold_days": 40,
      "top_n": 80,
      "min_avg_amount": 30000.0,
      "position_mode": "capped_with_cash",
      "max_weight_config": 0.03,
      "annual_return": 0.5379255423,
      "total_return": 46.3150954959,
      "max_drawdown": -0.0857251217,
      "sharpe": 3.3292902483,
      "calmar": 6.2750047111,
      "grade": "S",
      "avg_exposure": 0.5020396618,
      "cash_days": 1043,
      "avg_holding_count": 38.184676705,
      "min_nonzero_holding_count": 1,
      "max_daily_weight": 0.03,
      "p95_daily_max_weight": 0.0222222222,
      "avg_top10_weight": 0.0740363556,
      "participation_p95_100m": 0.046574373,
      "participation_p99_100m": 0.0836854679,
      "trades_over_5pct_100m": 2208
    },
    {
      "variant": "strong_growth_min50_top80",
      "event_rows": 28661,
      "hold_days": 40,
      "top_n": 80,
      "min_avg_amount": 30000.0,
      "position_mode": "full_equal_selected",
      "max_weight_config": null,
      "annual_return": 0.5348982496,
      "total_return": 45.4870734718,
      "max_drawdown": -0.1310904197,
      "sharpe": 3.0746534816,
      "calmar": 4.080376361,
      "grade": "S",
      "avg_exposure": 0.5151693587,
      "cash_days": 1057,
      "avg_holding_count": 35.7635075288,
      "min_nonzero_holding_count": 1,
      "max_daily_weight": 0.5,
      "p95_daily_max_weight": 0.0457792208,
      "avg_top10_weight": 0.1087296696,