{
  "config": {
    "delay_days": 1,
    "hold_days": 40,
    "liquidity_window": 20,
    "market_state": {
      "benchmark": "000300.SH",
      "confirmation_indices": [
        "000300.SH",
        "000905.SH",
        "000852.SH"
      ],
      "min_momentum": 0.0,
      "min_risk_on_confirmations": 2,
      "momentum_window": 20,
      "support_break_pct": 0.03,
      "support_window": 60
    },
    "max_weight": null,
    "min_avg_amount": 30000.0,
    "target_exposure": 1.0,
    "top_n": 80,
    "transaction_cost_bps": 20.0
  },
  "metadata": {
    "amount_unit": "thousand_yuan",
    "capacity_by_notional": [
      {
        "active_days": 2258,
        "amount_unit_multiplier": 1000,
        "daily_max_max": 1.0050251256281406,
        "daily_max_p95": 0.10689853650911028,
        "max_traded_names": 117,
        "mean_traded_names": 37.16253716551041,
        "participation_max": 1.0050251256281406,
        "participation_median": 0.003842393507508603,
        "participation_p90": 0.028463585611395135,
        "participation_p95": 0.04268577801354073,
        "participation_p99": 0.08463681359008725,
        "portfolio_notional": 100000000,
        "trade_observations": 37303,
        "trades_over_1000bp": 232,
        "trades_over_100bp": 11300,
        "trades_over_300bp": 3444,
        "trades_over_500bp": 1334
      },
      {
        "active_days": 2258,
        "amount_unit_multiplier": 1000,
        "daily_max_max": 3.0150753768844223,
        "daily_max_p95": 0.3206956095273309,
        "max_traded_names": 117,
        "mean_traded_names": 37.16253716551041,
        "participation_max": 3.0150753768844223,
        "participation_median": 0.011527180522525805,
        "participation_p90": 0.08539075683418541,
        "participation_p95": 0.12805733404062222,
        "participation_p99": 0.2539104407702617,
        "portfolio_notional": 300000000,
        "trade_observations": 37303,
        "trades_over_1000bp": 2923,
        "trades_over_100bp": 19613,
        "trades_over_300bp": 11300,
        "trades_over_500bp": 7346
      },
      {
        "active_days": 2258,
        "amount_unit_multiplier": 1000,
        "daily_max_max": 5.025125628140704,
        "daily_max_p95": 0.5344926825455514,
        "max_traded_names": 117,
        "mean_traded_names": 37.16253716551041,
        "participation_max": 5.025125628140704,
        "participation_median": 0.019211967537543014,
        "participation_p90": 0.14231792805697566,
        "participation_p95": 0.21342889006770369,
        "participation_p99": 0.4231840679504362,
        "portfolio_notional": 500000000,
        "trade_observations": 37303,
        "trades_over_1000bp": 6058,
        "trades_over_100bp": 22600,
        "trades_over_300bp": 15335,
        "trades_over_500bp": 11300
      }
    ],
    "cost_pressure": [
      {
        "annual_return": 0.4828,
        "calmar": 4.81,
        "cost_bps": 0,
        "grade": "S",
        "max_drawdown": -0.1004,
        "sharpe": 2.78
      },
      {
        "annual_return": 0.4232,
        "calmar": 4.13,
        "cost_bps": 10,
        "grade": "S",
        "max_drawdown": -0.1024,
        "sharpe": 2.5
      },
      {
        "annual_return": 0.3661,
        "calmar": 3.5,
        "cost_bps": 20,
        "grade": "S",
        "max_drawdown": -0.1045,
        "sharpe": 2.22
      },
      {
        "annual_return": 0.3111,
        "calmar": 2.92,
        "cost_bps": 30,
        "grade": "A",
        "max_drawdown": -0.1065,
        "sharpe": 1.94
      },
      {
        "annual_return": 0.2077,
        "calmar": 1.37,
        "cost_bps": 50,
        "grade": "Reject",
        "max_drawdown": -0.1521,
        "sharpe": 1.37
      }
    ],
    "data_end": "20260424",
    "data_start": "20170101",
    "event_table": "forecast",
    "execution": "open_to_close",
    "liquidity_sensitivity_100m": [
      {
        "annual_return": 0.36605577451115723,
        "calmar": 3.503076288166804,
        "grade": "S",
        "max_drawdown": -0.10449551890938635,
        "min_avg_amount": 30000,
        "participation_p95": 0.04268577801354073,
        "participation_p99": 0.08463681359008725,
        "sharpe": 2.2243014609690657,
        "trades_over_5pct": 1334
      },
      {
        "annual_return": 0.3639367692465618,
        "calmar": 3.3993788292055087,
        "grade": "S",
        "max_drawdown": -0.1070597857819865,
        "min_avg_amount": 50000,
        "participation_p95": 0.03313849598313949,
        "participation_p99": 0.06759156399076834,
        "sharpe": 2.1859321443010327,
        "trades_over_5pct": 716
      },
      {
        "annual_return": 0.357380748912141,
        "calmar": 2.9533953011239196,
        "grade": "A",
        "max_drawdown": -0.12100674392491217,
        "min_avg_amount": 100000,
        "participation_p95": 0.022624931348877515,
        "participation_p99": 0.048590893184311264,
        "sharpe": 2.0905062123560127,
        "trades_over_5pct": 319
      },
      {
        "annual_return": 0.3571624699431346,
        "calmar": 2.6846334710218547,
        "grade": "A",
        "max_drawdown": -0.13303956528828775,
        "min_avg_amount": 200000,
        "participation_p95": 0.014303215851436773,
        "participation_p99": 0.033284007129429895,
        "sharpe": 2.0039087663540665,
        "trades_over_5pct": 153
      },
      {
        "annual_return": 0.3362021175925971,
        "calmar": 3.0776209064869864,
        "grade": "A",
        "max_drawdown": -0.10924091296753047,
        "min_avg_amount": 500000,
        "participation_p95": 0.008456944494437093,
        "participation_p99": 0.022733014686673454,
        "sharpe": 1.7632125808667272,
        "trades_over_5pct": 67
      }
    ],
    "price": "bars × adj_factor open/close",
    "tradability_review": {
      "base_buy_on_limit_up_trades": 274,
      "base_buy_on_limit_up_weight": 4.020597684129273,
      "base_buy_trades": 14041,
      "base_buy_weight": 184.61243602231565,
      "base_sell_on_limit_down_trades": 60,
      "base_sell_trades": 15404,
      "data_available": [
        "limit_list_d",
        "stock_st"
      ],
      "data_missing": [
        "stk_limit",
        "suspend_d"
      ],
      "rules": [
        "block_limit_up_buys",
        "block_limit_down_sells",
        "exclude_stock_st"
      ],
      "strict_liquidity_sensitivity_100m": [
        {
          "annual_return": 0.31581857712638306,
          "calmar": 2.9771507270122086,
          "grade": "A",
          "max_drawdown": -0.10608081554652438,
          "min_avg_amount": 30000,
          "participation_p95": 0.041484990587599885,
          "participation_p99": 0.08217886524044908,
          "sharpe": 1.9728978693243115,
          "trades_over_5pct": 1253
        },
        {
          "annual_return": 0.31985055879196334,
          "calmar": 2.9401238474736946,
          "grade": "A",
          "max_drawdown": -0.10878812437333052,
          "min_avg_amount": 50000,
          "participation_p95": 0.03197687238713138,
          "participation_p99": 0.06490285019272035,
          "sharpe": 1.9752588512047389,
          "trades_over_5pct": 671
        },
        {
          "annual_return": 0.3055384731765465,
          "calmar": 2.4662302624402708,
          "grade": "Reject",
          "max_drawdown": -0.12388886708178826,
          "min_avg_amount": 100000,
          "participation_p95": 0.02197619763529406,
          "participation_p99": 0.04546295144030109,
          "sharpe": 1.8505689420015596,
          "trades_over_5pct": 302
        },
        {
          "annual_return": 0.30712576548996773,
          "calmar": 2.275702692815861,
          "grade": "Reject",
          "max_drawdown": -0.13495865099581306,
          "min_avg_amount": 200000,
          "participation_p95": 0.013909183418178164,
          "participation_p99": 0.03187189172163934,
          "sharpe": 1.7919199144565678,